request_id,arrival_time,func,trace_id,category_id,memory,file_path,phase
1,38,762835950e81a11cd04cedcb05275dc111c651625d575077fce49f82170e0986,52,2,1024,distilgpt2.py,category_1_slow_background
2,48,313c03f53a0d31f70aec25f62efb33e7dd779725ca4af579018452d1204beaad,3,3,1024,googlenet.py,category_1_slow_background
3,50,762835950e81a11cd04cedcb05275dc111c651625d575077fce49f82170e0986,52,2,1024,distilgpt2.py,category_1_slow_background
4,53,313c03f53a0d31f70aec25f62efb33e7dd779725ca4af579018452d1204beaad,3,3,1024,googlenet.py,category_1_slow_background
5,54,762835950e81a11cd04cedcb05275dc111c651625d575077fce49f82170e0986,52,2,1024,distilgpt2.py,category_1_slow_background
6,74,1f33077bb2db73fd76a51e40e43f20173e3f038dd3f3705551751cf7724c3c40,59,1,1024,alexnet.py,category_1_slow_background
7,106,cd9f7f333d59aede8088772edac3bff78c45e2dad8eb498b450b9af511452a36,59,1,1024,efficientnet.py,category_1_slow_background
8,114,cd9f7f333d59aede8088772edac3bff78c45e2dad8eb498b450b9af511452a36,59,1,1024,efficientnet.py,category_1_slow_background
9,134,9b61fd55aa093a2d172db1a68a60af5cf6cbfa7f5ea1fbc71846027a5954616d,52,2,1024,bert.py,category_1_slow_background
10,165,9b61fd55aa093a2d172db1a68a60af5cf6cbfa7f5ea1fbc71846027a5954616d,52,2,1024,bert.py,category_1_slow_background
11,215,762835950e81a11cd04cedcb05275dc111c651625d575077fce49f82170e0986,52,2,1024,distilgpt2.py,category_1_slow_background
12,236,762835950e81a11cd04cedcb05275dc111c651625d575077fce49f82170e0986,52,2,1024,distilgpt2.py,category_1_slow_background
13,244,cd9f7f333d59aede8088772edac3bff78c45e2dad8eb498b450b9af511452a36,59,1,1024,efficientnet.py,category_1_slow_background
14,247,1f33077bb2db73fd76a51e40e43f20173e3f038dd3f3705551751cf7724c3c40,59,1,1024,alexnet.py,category_1_slow_background
15,261,762835950e81a11cd04cedcb05275dc111c651625d575077fce49f82170e0986,52,2,1024,distilgpt2.py,category_1_slow_background
16,266,9b61fd55aa093a2d172db1a68a60af5cf6cbfa7f5ea1fbc71846027a5954616d,52,2,1024,bert.py,category_1_slow_background
17,290,762835950e81a11cd04cedcb05275dc111c651625d575077fce49f82170e0986,52,2,1024,distilgpt2.py,category_1_slow_background
18,296,9b61fd55aa093a2d172db1a68a60af5cf6cbfa7f5ea1fbc71846027a5954616d,52,2,1024,bert.py,category_1_slow_background
19,300,762835950e81a11cd04cedcb05275dc111c651625d575077fce49f82170e0986,52,2,1024,distilgpt2.py,category_1_slow_background
20,321,1f33077bb2db73fd76a51e40e43f20173e3f038dd3f3705551751cf7724c3c40,59,1,1024,alexnet.py,category_1_slow_background
21,329,1f33077bb2db73fd76a51e40e43f20173e3f038dd3f3705551751cf7724c3c40,59,1,1024,alexnet.py,category_1_slow_background
22,368,762835950e81a11cd04cedcb05275dc111c651625d575077fce49f82170e0986,52,2,1024,distilgpt2.py,category_1_slow_background
23,377,cd9f7f333d59aede8088772edac3bff78c45e2dad8eb498b450b9af511452a36,59,1,1024,efficientnet.py,category_1_slow_background
24,378,cd9f7f333d59aede8088772edac3bff78c45e2dad8eb498b450b9af511452a36,59,1,1024,efficientnet.py,category_1_slow_background
25,396,1f33077bb2db73fd76a51e40e43f20173e3f038dd3f3705551751cf7724c3c40,59,1,1024,alexnet.py,category_1_slow_background
26,412,9b61fd55aa093a2d172db1a68a60af5cf6cbfa7f5ea1fbc71846027a5954616d,52,2,1024,bert.py,category_1_slow_background
27,421,762835950e81a11cd04cedcb05275dc111c651625d575077fce49f82170e0986,52,2,1024,distilgpt2.py,category_1_slow_background
28,434,9b61fd55aa093a2d172db1a68a60af5cf6cbfa7f5ea1fbc71846027a5954616d,52,2,1024,bert.py,category_1_slow_background
29,436,313c03f53a0d31f70aec25f62efb33e7dd779725ca4af579018452d1204beaad,3,3,1024,googlenet.py,category_1_slow_background
30,452,1f33077bb2db73fd76a51e40e43f20173e3f038dd3f3705551751cf7724c3c40,59,1,1024,alexnet.py,category_1_slow_background
31,457,1f33077bb2db73fd76a51e40e43f20173e3f038dd3f3705551751cf7724c3c40,59,1,1024,alexnet.py,category_1_slow_background
32,483,762835950e81a11cd04cedcb05275dc111c651625d575077fce49f82170e0986,52,2,1024,distilgpt2.py,category_1_slow_background
33,485,1f33077bb2db73fd76a51e40e43f20173e3f038dd3f3705551751cf7724c3c40,59,1,1024,alexnet.py,category_1_slow_background
34,486,762835950e81a11cd04cedcb05275dc111c651625d575077fce49f82170e0986,52,2,1024,distilgpt2.py,category_1_slow_background
35,494,9b61fd55aa093a2d172db1a68a60af5cf6cbfa7f5ea1fbc71846027a5954616d,52,2,1024,bert.py,category_1_slow_background
36,512,9b61fd55aa093a2d172db1a68a60af5cf6cbfa7f5ea1fbc71846027a5954616d,52,2,1024,bert.py,category_1_slow_background
37,528,9b61fd55aa093a2d172db1a68a60af5cf6cbfa7f5ea1fbc71846027a5954616d,52,2,1024,bert.py,category_1_slow_background
38,541,762835950e81a11cd04cedcb05275dc111c651625d575077fce49f82170e0986,52,2,1024,distilgpt2.py,category_1_slow_background
39,558,1f33077bb2db73fd76a51e40e43f20173e3f038dd3f3705551751cf7724c3c40,59,1,1024,alexnet.py,category_1_slow_background
40,589,1f33077bb2db73fd76a51e40e43f20173e3f038dd3f3705551751cf7724c3c40,59,1,1024,alexnet.py,category_1_slow_background
41,602,762835950e81a11cd04cedcb05275dc111c651625d575077fce49f82170e0986,52,2,1024,distilgpt2.py,category_2_dominant
42,608,9b61fd55aa093a2d172db1a68a60af5cf6cbfa7f5ea1fbc71846027a5954616d,52,2,1024,bert.py,category_2_dominant
43,610,1f33077bb2db73fd76a51e40e43f20173e3f038dd3f3705551751cf7724c3c40,59,1,1024,alexnet.py,category_2_dominant
44,619,762835950e81a11cd04cedcb05275dc111c651625d575077fce49f82170e0986,52,2,1024,distilgpt2.py,category_2_dominant
45,623,762835950e81a11cd04cedcb05275dc111c651625d575077fce49f82170e0986,52,2,1024,distilgpt2.py,category_2_dominant
46,627,762835950e81a11cd04cedcb05275dc111c651625d575077fce49f82170e0986,52,2,1024,distilgpt2.py,category_2_dominant
47,663,762835950e81a11cd04cedcb05275dc111c651625d575077fce49f82170e0986,52,2,1024,distilgpt2.py,category_2_dominant
48,670,762835950e81a11cd04cedcb05275dc111c651625d575077fce49f82170e0986,52,2,1024,distilgpt2.py,category_2_dominant
49,675,313c03f53a0d31f70aec25f62efb33e7dd779725ca4af579018452d1204beaad,3,3,1024,googlenet.py,category_2_dominant
50,682,9b61fd55aa093a2d172db1a68a60af5cf6cbfa7f5ea1fbc71846027a5954616d,52,2,1024,bert.py,category_2_dominant
51,707,762835950e81a11cd04cedcb05275dc111c651625d575077fce49f82170e0986,52,2,1024,distilgpt2.py,category_2_dominant
52,724,762835950e81a11cd04cedcb05275dc111c651625d575077fce49f82170e0986,52,2,1024,distilgpt2.py,category_2_dominant
53,746,762835950e81a11cd04cedcb05275dc111c651625d575077fce49f82170e0986,52,2,1024,distilgpt2.py,category_2_dominant
54,751,762835950e81a11cd04cedcb05275dc111c651625d575077fce49f82170e0986,52,2,1024,distilgpt2.py,category_2_dominant
55,752,9b61fd55aa093a2d172db1a68a60af5cf6cbfa7f5ea1fbc71846027a5954616d,52,2,1024,bert.py,category_2_dominant
56,757,9b61fd55aa093a2d172db1a68a60af5cf6cbfa7f5ea1fbc71846027a5954616d,52,2,1024,bert.py,category_2_dominant
57,758,762835950e81a11cd04cedcb05275dc111c651625d575077fce49f82170e0986,52,2,1024,distilgpt2.py,category_2_dominant
58,777,762835950e81a11cd04cedcb05275dc111c651625d575077fce49f82170e0986,52,2,1024,distilgpt2.py,category_2_dominant
59,805,762835950e81a11cd04cedcb05275dc111c651625d575077fce49f82170e0986,52,2,1024,distilgpt2.py,category_2_dominant
60,810,762835950e81a11cd04cedcb05275dc111c651625d575077fce49f82170e0986,52,2,1024,distilgpt2.py,category_2_dominant
61,817,c9f8e30e36d1aef62c10b3cfca6e289a93848a148d876dd514753040314f4817,52,3,1024,resnet50.py,category_2_dominant
62,818,9b61fd55aa093a2d172db1a68a60af5cf6cbfa7f5ea1fbc71846027a5954616d,52,2,1024,bert.py,category_2_dominant
63,831,762835950e81a11cd04cedcb05275dc111c651625d575077fce49f82170e0986,52,2,1024,distilgpt2.py,category_2_dominant
64,834,762835950e81a11cd04cedcb05275dc111c651625d575077fce49f82170e0986,52,2,1024,distilgpt2.py,category_2_dominant
65,840,762835950e81a11cd04cedcb05275dc111c651625d575077fce49f82170e0986,52,2,1024,distilgpt2.py,category_2_dominant
66,842,762835950e81a11cd04cedcb05275dc111c651625d575077fce49f82170e0986,52,2,1024,distilgpt2.py,category_2_dominant
67,852,762835950e81a11cd04cedcb05275dc111c651625d575077fce49f82170e0986,52,2,1024,distilgpt2.py,category_2_dominant
68,855,9b61fd55aa093a2d172db1a68a60af5cf6cbfa7f5ea1fbc71846027a5954616d,52,2,1024,bert.py,category_2_dominant
69,860,556ccf8758c8c2a20082c161e955405e950439f0503522fe129e709a5dc0e58f,3,3,1024,inception.py,category_2_dominant
70,873,762835950e81a11cd04cedcb05275dc111c651625d575077fce49f82170e0986,52,2,1024,distilgpt2.py,category_2_dominant
71,882,762835950e81a11cd04cedcb05275dc111c651625d575077fce49f82170e0986,52,2,1024,distilgpt2.py,category_2_dominant
72,910,762835950e81a11cd04cedcb05275dc111c651625d575077fce49f82170e0986,52,2,1024,distilgpt2.py,category_2_dominant
73,914,556ccf8758c8c2a20082c161e955405e950439f0503522fe129e709a5dc0e58f,3,3,1024,inception.py,category_2_dominant
74,915,9b61fd55aa093a2d172db1a68a60af5cf6cbfa7f5ea1fbc71846027a5954616d,52,2,1024,bert.py,category_2_dominant
75,922,9b61fd55aa093a2d172db1a68a60af5cf6cbfa7f5ea1fbc71846027a5954616d,52,2,1024,bert.py,category_2_dominant
76,944,9b61fd55aa093a2d172db1a68a60af5cf6cbfa7f5ea1fbc71846027a5954616d,52,2,1024,bert.py,category_2_dominant
77,947,313c03f53a0d31f70aec25f62efb33e7dd779725ca4af579018452d1204beaad,3,3,1024,googlenet.py,category_2_dominant
78,953,762835950e81a11cd04cedcb05275dc111c651625d575077fce49f82170e0986,52,2,1024,distilgpt2.py,category_2_dominant
79,957,762835950e81a11cd04cedcb05275dc111c651625d575077fce49f82170e0986,52,2,1024,distilgpt2.py,category_2_dominant
80,1011,9b61fd55aa093a2d172db1a68a60af5cf6cbfa7f5ea1fbc71846027a5954616d,52,2,1024,bert.py,category_2_dominant
81,1016,762835950e81a11cd04cedcb05275dc111c651625d575077fce49f82170e0986,52,2,1024,distilgpt2.py,category_2_dominant
82,1040,9b61fd55aa093a2d172db1a68a60af5cf6cbfa7f5ea1fbc71846027a5954616d,52,2,1024,bert.py,category_2_dominant
83,1053,762835950e81a11cd04cedcb05275dc111c651625d575077fce49f82170e0986,52,2,1024,distilgpt2.py,category_2_dominant
84,1059,9b61fd55aa093a2d172db1a68a60af5cf6cbfa7f5ea1fbc71846027a5954616d,52,2,1024,bert.py,category_2_dominant
85,1068,313c03f53a0d31f70aec25f62efb33e7dd779725ca4af579018452d1204beaad,3,3,1024,googlenet.py,category_2_dominant
86,1080,9b61fd55aa093a2d172db1a68a60af5cf6cbfa7f5ea1fbc71846027a5954616d,52,2,1024,bert.py,category_2_dominant
87,1084,313c03f53a0d31f70aec25f62efb33e7dd779725ca4af579018452d1204beaad,3,3,1024,googlenet.py,category_2_dominant
88,1103,c9f8e30e36d1aef62c10b3cfca6e289a93848a148d876dd514753040314f4817,52,3,1024,resnet50.py,category_2_dominant
89,1109,762835950e81a11cd04cedcb05275dc111c651625d575077fce49f82170e0986,52,2,1024,distilgpt2.py,category_2_dominant
90,1113,9b61fd55aa093a2d172db1a68a60af5cf6cbfa7f5ea1fbc71846027a5954616d,52,2,1024,bert.py,category_2_dominant
91,1131,9b61fd55aa093a2d172db1a68a60af5cf6cbfa7f5ea1fbc71846027a5954616d,52,2,1024,bert.py,category_2_dominant
92,1136,1f33077bb2db73fd76a51e40e43f20173e3f038dd3f3705551751cf7724c3c40,59,1,1024,alexnet.py,category_2_dominant
93,1148,762835950e81a11cd04cedcb05275dc111c651625d575077fce49f82170e0986,52,2,1024,distilgpt2.py,category_2_dominant
94,1149,9b61fd55aa093a2d172db1a68a60af5cf6cbfa7f5ea1fbc71846027a5954616d,52,2,1024,bert.py,category_2_dominant
95,1151,9b61fd55aa093a2d172db1a68a60af5cf6cbfa7f5ea1fbc71846027a5954616d,52,2,1024,bert.py,category_2_dominant
96,1154,cd9f7f333d59aede8088772edac3bff78c45e2dad8eb498b450b9af511452a36,59,1,1024,efficientnet.py,category_2_dominant
97,1179,c9f8e30e36d1aef62c10b3cfca6e289a93848a148d876dd514753040314f4817,52,3,1024,resnet50.py,category_2_dominant
98,1180,762835950e81a11cd04cedcb05275dc111c651625d575077fce49f82170e0986,52,2,1024,distilgpt2.py,category_2_dominant
99,1188,762835950e81a11cd04cedcb05275dc111c651625d575077fce49f82170e0986,52,2,1024,distilgpt2.py,category_2_dominant
100,1197,762835950e81a11cd04cedcb05275dc111c651625d575077fce49f82170e0986,52,2,1024,distilgpt2.py,category_2_dominant
101,1209,c9f8e30e36d1aef62c10b3cfca6e289a93848a148d876dd514753040314f4817,52,3,1024,resnet50.py,category_3_dominant
102,1211,313c03f53a0d31f70aec25f62efb33e7dd779725ca4af579018452d1204beaad,3,3,1024,googlenet.py,category_3_dominant
103,1248,313c03f53a0d31f70aec25f62efb33e7dd779725ca4af579018452d1204beaad,3,3,1024,googlenet.py,category_3_dominant
104,1251,c9f8e30e36d1aef62c10b3cfca6e289a93848a148d876dd514753040314f4817,52,3,1024,resnet50.py,category_3_dominant
105,1256,c9f8e30e36d1aef62c10b3cfca6e289a93848a148d876dd514753040314f4817,52,3,1024,resnet50.py,category_3_dominant
106,1262,556ccf8758c8c2a20082c161e955405e950439f0503522fe129e709a5dc0e58f,3,3,1024,inception.py,category_3_dominant
107,1266,313c03f53a0d31f70aec25f62efb33e7dd779725ca4af579018452d1204beaad,3,3,1024,googlenet.py,category_3_dominant
108,1289,9b61fd55aa093a2d172db1a68a60af5cf6cbfa7f5ea1fbc71846027a5954616d,52,2,1024,bert.py,category_3_dominant
109,1290,c9f8e30e36d1aef62c10b3cfca6e289a93848a148d876dd514753040314f4817,52,3,1024,resnet50.py,category_3_dominant
110,1305,313c03f53a0d31f70aec25f62efb33e7dd779725ca4af579018452d1204beaad,3,3,1024,googlenet.py,category_3_dominant
111,1314,1f33077bb2db73fd76a51e40e43f20173e3f038dd3f3705551751cf7724c3c40,59,1,1024,alexnet.py,category_3_dominant
112,1320,1f33077bb2db73fd76a51e40e43f20173e3f038dd3f3705551751cf7724c3c40,59,1,1024,alexnet.py,category_3_dominant
113,1329,556ccf8758c8c2a20082c161e955405e950439f0503522fe129e709a5dc0e58f,3,3,1024,inception.py,category_3_dominant
114,1340,c9f8e30e36d1aef62c10b3cfca6e289a93848a148d876dd514753040314f4817,52,3,1024,resnet50.py,category_3_dominant
115,1364,762835950e81a11cd04cedcb05275dc111c651625d575077fce49f82170e0986,52,2,1024,distilgpt2.py,category_3_dominant
116,1378,313c03f53a0d31f70aec25f62efb33e7dd779725ca4af579018452d1204beaad,3,3,1024,googlenet.py,category_3_dominant
117,1387,313c03f53a0d31f70aec25f62efb33e7dd779725ca4af579018452d1204beaad,3,3,1024,googlenet.py,category_3_dominant
118,1390,556ccf8758c8c2a20082c161e955405e950439f0503522fe129e709a5dc0e58f,3,3,1024,inception.py,category_3_dominant
119,1410,c9f8e30e36d1aef62c10b3cfca6e289a93848a148d876dd514753040314f4817,52,3,1024,resnet50.py,category_3_dominant
120,1421,313c03f53a0d31f70aec25f62efb33e7dd779725ca4af579018452d1204beaad,3,3,1024,googlenet.py,category_3_dominant
121,1424,313c03f53a0d31f70aec25f62efb33e7dd779725ca4af579018452d1204beaad,3,3,1024,googlenet.py,category_3_dominant
122,1426,c9f8e30e36d1aef62c10b3cfca6e289a93848a148d876dd514753040314f4817,52,3,1024,resnet50.py,category_3_dominant
123,1432,313c03f53a0d31f70aec25f62efb33e7dd779725ca4af579018452d1204beaad,3,3,1024,googlenet.py,category_3_dominant
124,1434,c9f8e30e36d1aef62c10b3cfca6e289a93848a148d876dd514753040314f4817,52,3,1024,resnet50.py,category_3_dominant
125,1447,556ccf8758c8c2a20082c161e955405e950439f0503522fe129e709a5dc0e58f,3,3,1024,inception.py,category_3_dominant
126,1493,313c03f53a0d31f70aec25f62efb33e7dd779725ca4af579018452d1204beaad,3,3,1024,googlenet.py,category_3_dominant
127,1502,556ccf8758c8c2a20082c161e955405e950439f0503522fe129e709a5dc0e58f,3,3,1024,inception.py,category_3_dominant
128,1513,9b61fd55aa093a2d172db1a68a60af5cf6cbfa7f5ea1fbc71846027a5954616d,52,2,1024,bert.py,category_3_dominant
129,1521,c9f8e30e36d1aef62c10b3cfca6e289a93848a148d876dd514753040314f4817,52,3,1024,resnet50.py,category_3_dominant
130,1533,313c03f53a0d31f70aec25f62efb33e7dd779725ca4af579018452d1204beaad,3,3,1024,googlenet.py,category_3_dominant
131,1538,c9f8e30e36d1aef62c10b3cfca6e289a93848a148d876dd514753040314f4817,52,3,1024,resnet50.py,category_3_dominant
132,1545,556ccf8758c8c2a20082c161e955405e950439f0503522fe129e709a5dc0e58f,3,3,1024,inception.py,category_3_dominant
133,1560,9b61fd55aa093a2d172db1a68a60af5cf6cbfa7f5ea1fbc71846027a5954616d,52,2,1024,bert.py,category_3_dominant
134,1562,9b61fd55aa093a2d172db1a68a60af5cf6cbfa7f5ea1fbc71846027a5954616d,52,2,1024,bert.py,category_3_dominant
135,1578,9b61fd55aa093a2d172db1a68a60af5cf6cbfa7f5ea1fbc71846027a5954616d,52,2,1024,bert.py,category_3_dominant
136,1581,313c03f53a0d31f70aec25f62efb33e7dd779725ca4af579018452d1204beaad,3,3,1024,googlenet.py,category_3_dominant
137,1606,556ccf8758c8c2a20082c161e955405e950439f0503522fe129e709a5dc0e58f,3,3,1024,inception.py,category_3_dominant
138,1607,556ccf8758c8c2a20082c161e955405e950439f0503522fe129e709a5dc0e58f,3,3,1024,inception.py,category_3_dominant
139,1608,556ccf8758c8c2a20082c161e955405e950439f0503522fe129e709a5dc0e58f,3,3,1024,inception.py,category_3_dominant
140,1609,313c03f53a0d31f70aec25f62efb33e7dd779725ca4af579018452d1204beaad,3,3,1024,googlenet.py,category_3_dominant
141,1626,313c03f53a0d31f70aec25f62efb33e7dd779725ca4af579018452d1204beaad,3,3,1024,googlenet.py,category_3_dominant
142,1632,762835950e81a11cd04cedcb05275dc111c651625d575077fce49f82170e0986,52,2,1024,distilgpt2.py,category_3_dominant
143,1644,9b61fd55aa093a2d172db1a68a60af5cf6cbfa7f5ea1fbc71846027a5954616d,52,2,1024,bert.py,category_3_dominant
144,1657,556ccf8758c8c2a20082c161e955405e950439f0503522fe129e709a5dc0e58f,3,3,1024,inception.py,category_3_dominant
145,1660,556ccf8758c8c2a20082c161e955405e950439f0503522fe129e709a5dc0e58f,3,3,1024,inception.py,category_3_dominant
146,1673,556ccf8758c8c2a20082c161e955405e950439f0503522fe129e709a5dc0e58f,3,3,1024,inception.py,category_3_dominant
147,1693,556ccf8758c8c2a20082c161e955405e950439f0503522fe129e709a5dc0e58f,3,3,1024,inception.py,category_3_dominant
148,1694,c9f8e30e36d1aef62c10b3cfca6e289a93848a148d876dd514753040314f4817,52,3,1024,resnet50.py,category_3_dominant
149,1697,313c03f53a0d31f70aec25f62efb33e7dd779725ca4af579018452d1204beaad,3,3,1024,googlenet.py,category_3_dominant
150,1718,556ccf8758c8c2a20082c161e955405e950439f0503522fe129e709a5dc0e58f,3,3,1024,inception.py,category_3_dominant
151,1726,c9f8e30e36d1aef62c10b3cfca6e289a93848a148d876dd514753040314f4817,52,3,1024,resnet50.py,category_3_dominant
152,1731,556ccf8758c8c2a20082c161e955405e950439f0503522fe129e709a5dc0e58f,3,3,1024,inception.py,category_3_dominant
153,1736,556ccf8758c8c2a20082c161e955405e950439f0503522fe129e709a5dc0e58f,3,3,1024,inception.py,category_3_dominant
154,1747,556ccf8758c8c2a20082c161e955405e950439f0503522fe129e709a5dc0e58f,3,3,1024,inception.py,category_3_dominant
155,1759,556ccf8758c8c2a20082c161e955405e950439f0503522fe129e709a5dc0e58f,3,3,1024,inception.py,category_3_dominant
156,1762,c9f8e30e36d1aef62c10b3cfca6e289a93848a148d876dd514753040314f4817,52,3,1024,resnet50.py,category_3_dominant
157,1765,556ccf8758c8c2a20082c161e955405e950439f0503522fe129e709a5dc0e58f,3,3,1024,inception.py,category_3_dominant
158,1775,c9f8e30e36d1aef62c10b3cfca6e289a93848a148d876dd514753040314f4817,52,3,1024,resnet50.py,category_3_dominant
159,1780,c9f8e30e36d1aef62c10b3cfca6e289a93848a148d876dd514753040314f4817,52,3,1024,resnet50.py,category_3_dominant
160,1783,556ccf8758c8c2a20082c161e955405e950439f0503522fe129e709a5dc0e58f,3,3,1024,inception.py,category_3_dominant
161,1838,762835950e81a11cd04cedcb05275dc111c651625d575077fce49f82170e0986,52,2,1024,distilgpt2.py,mixed_category_2_3
162,1840,cd9f7f333d59aede8088772edac3bff78c45e2dad8eb498b450b9af511452a36,59,1,1024,efficientnet.py,mixed_category_2_3
163,1847,9b61fd55aa093a2d172db1a68a60af5cf6cbfa7f5ea1fbc71846027a5954616d,52,2,1024,bert.py,mixed_category_2_3
164,1855,762835950e81a11cd04cedcb05275dc111c651625d575077fce49f82170e0986,52,2,1024,distilgpt2.py,mixed_category_2_3
165,1894,762835950e81a11cd04cedcb05275dc111c651625d575077fce49f82170e0986,52,2,1024,distilgpt2.py,mixed_category_2_3
166,1902,313c03f53a0d31f70aec25f62efb33e7dd779725ca4af579018452d1204beaad,3,3,1024,googlenet.py,mixed_category_2_3
167,1904,313c03f53a0d31f70aec25f62efb33e7dd779725ca4af579018452d1204beaad,3,3,1024,googlenet.py,mixed_category_2_3
168,1911,c9f8e30e36d1aef62c10b3cfca6e289a93848a148d876dd514753040314f4817,52,3,1024,resnet50.py,mixed_category_2_3
169,1936,762835950e81a11cd04cedcb05275dc111c651625d575077fce49f82170e0986,52,2,1024,distilgpt2.py,mixed_category_2_3
170,1956,762835950e81a11cd04cedcb05275dc111c651625d575077fce49f82170e0986,52,2,1024,distilgpt2.py,mixed_category_2_3
171,1959,556ccf8758c8c2a20082c161e955405e950439f0503522fe129e709a5dc0e58f,3,3,1024,inception.py,mixed_category_2_3
172,1974,9b61fd55aa093a2d172db1a68a60af5cf6cbfa7f5ea1fbc71846027a5954616d,52,2,1024,bert.py,mixed_category_2_3
173,2036,762835950e81a11cd04cedcb05275dc111c651625d575077fce49f82170e0986,52,2,1024,distilgpt2.py,mixed_category_2_3
174,2038,762835950e81a11cd04cedcb05275dc111c651625d575077fce49f82170e0986,52,2,1024,distilgpt2.py,mixed_category_2_3
175,2058,9b61fd55aa093a2d172db1a68a60af5cf6cbfa7f5ea1fbc71846027a5954616d,52,2,1024,bert.py,mixed_category_2_3
176,2076,9b61fd55aa093a2d172db1a68a60af5cf6cbfa7f5ea1fbc71846027a5954616d,52,2,1024,bert.py,mixed_category_2_3
177,2099,cd9f7f333d59aede8088772edac3bff78c45e2dad8eb498b450b9af511452a36,59,1,1024,efficientnet.py,mixed_category_2_3
178,2113,9b61fd55aa093a2d172db1a68a60af5cf6cbfa7f5ea1fbc71846027a5954616d,52,2,1024,bert.py,mixed_category_2_3
179,2126,c9f8e30e36d1aef62c10b3cfca6e289a93848a148d876dd514753040314f4817,52,3,1024,resnet50.py,mixed_category_2_3
180,2146,9b61fd55aa093a2d172db1a68a60af5cf6cbfa7f5ea1fbc71846027a5954616d,52,2,1024,bert.py,mixed_category_2_3
181,2156,556ccf8758c8c2a20082c161e955405e950439f0503522fe129e709a5dc0e58f,3,3,1024,inception.py,mixed_category_2_3
182,2158,9b61fd55aa093a2d172db1a68a60af5cf6cbfa7f5ea1fbc71846027a5954616d,52,2,1024,bert.py,mixed_category_2_3
183,2161,556ccf8758c8c2a20082c161e955405e950439f0503522fe129e709a5dc0e58f,3,3,1024,inception.py,mixed_category_2_3
184,2164,9b61fd55aa093a2d172db1a68a60af5cf6cbfa7f5ea1fbc71846027a5954616d,52,2,1024,bert.py,mixed_category_2_3
185,2170,9b61fd55aa093a2d172db1a68a60af5cf6cbfa7f5ea1fbc71846027a5954616d,52,2,1024,bert.py,mixed_category_2_3
186,2172,9b61fd55aa093a2d172db1a68a60af5cf6cbfa7f5ea1fbc71846027a5954616d,52,2,1024,bert.py,mixed_category_2_3
187,2193,762835950e81a11cd04cedcb05275dc111c651625d575077fce49f82170e0986,52,2,1024,distilgpt2.py,mixed_category_2_3
188,2204,762835950e81a11cd04cedcb05275dc111c651625d575077fce49f82170e0986,52,2,1024,distilgpt2.py,mixed_category_2_3
189,2219,556ccf8758c8c2a20082c161e955405e950439f0503522fe129e709a5dc0e58f,3,3,1024,inception.py,mixed_category_2_3
190,2228,762835950e81a11cd04cedcb05275dc111c651625d575077fce49f82170e0986,52,2,1024,distilgpt2.py,mixed_category_2_3
191,2236,9b61fd55aa093a2d172db1a68a60af5cf6cbfa7f5ea1fbc71846027a5954616d,52,2,1024,bert.py,mixed_category_2_3
192,2240,762835950e81a11cd04cedcb05275dc111c651625d575077fce49f82170e0986,52,2,1024,distilgpt2.py,mixed_category_2_3
193,2244,c9f8e30e36d1aef62c10b3cfca6e289a93848a148d876dd514753040314f4817,52,3,1024,resnet50.py,mixed_category_2_3
194,2253,762835950e81a11cd04cedcb05275dc111c651625d575077fce49f82170e0986,52,2,1024,distilgpt2.py,mixed_category_2_3
195,2255,9b61fd55aa093a2d172db1a68a60af5cf6cbfa7f5ea1fbc71846027a5954616d,52,2,1024,bert.py,mixed_category_2_3
196,2270,c9f8e30e36d1aef62c10b3cfca6e289a93848a148d876dd514753040314f4817,52,3,1024,resnet50.py,mixed_category_2_3
197,2272,762835950e81a11cd04cedcb05275dc111c651625d575077fce49f82170e0986,52,2,1024,distilgpt2.py,mixed_category_2_3
198,2276,313c03f53a0d31f70aec25f62efb33e7dd779725ca4af579018452d1204beaad,3,3,1024,googlenet.py,mixed_category_2_3
199,2277,9b61fd55aa093a2d172db1a68a60af5cf6cbfa7f5ea1fbc71846027a5954616d,52,2,1024,bert.py,mixed_category_2_3
200,2291,762835950e81a11cd04cedcb05275dc111c651625d575077fce49f82170e0986,52,2,1024,distilgpt2.py,mixed_category_2_3
201,2303,c9f8e30e36d1aef62c10b3cfca6e289a93848a148d876dd514753040314f4817,52,3,1024,resnet50.py,mixed_category_2_3
202,2334,762835950e81a11cd04cedcb05275dc111c651625d575077fce49f82170e0986,52,2,1024,distilgpt2.py,mixed_category_2_3
203,2346,556ccf8758c8c2a20082c161e955405e950439f0503522fe129e709a5dc0e58f,3,3,1024,inception.py,mixed_category_2_3
204,2370,313c03f53a0d31f70aec25f62efb33e7dd779725ca4af579018452d1204beaad,3,3,1024,googlenet.py,mixed_category_2_3
205,2390,9b61fd55aa093a2d172db1a68a60af5cf6cbfa7f5ea1fbc71846027a5954616d,52,2,1024,bert.py,mixed_category_2_3
206,2409,313c03f53a0d31f70aec25f62efb33e7dd779725ca4af579018452d1204beaad,3,3,1024,googlenet.py,mixed_category_2_3
207,2415,762835950e81a11cd04cedcb05275dc111c651625d575077fce49f82170e0986,52,2,1024,distilgpt2.py,mixed_category_2_3
208,2416,313c03f53a0d31f70aec25f62efb33e7dd779725ca4af579018452d1204beaad,3,3,1024,googlenet.py,mixed_category_2_3
209,2419,762835950e81a11cd04cedcb05275dc111c651625d575077fce49f82170e0986,52,2,1024,distilgpt2.py,mixed_category_2_3
210,2430,c9f8e30e36d1aef62c10b3cfca6e289a93848a148d876dd514753040314f4817,52,3,1024,resnet50.py,mixed_category_2_3
211,2435,9b61fd55aa093a2d172db1a68a60af5cf6cbfa7f5ea1fbc71846027a5954616d,52,2,1024,bert.py,mixed_category_2_3
212,2438,9b61fd55aa093a2d172db1a68a60af5cf6cbfa7f5ea1fbc71846027a5954616d,52,2,1024,bert.py,mixed_category_2_3
213,2456,762835950e81a11cd04cedcb05275dc111c651625d575077fce49f82170e0986,52,2,1024,distilgpt2.py,mixed_category_2_3
214,2464,9b61fd55aa093a2d172db1a68a60af5cf6cbfa7f5ea1fbc71846027a5954616d,52,2,1024,bert.py,mixed_category_2_3
215,2471,313c03f53a0d31f70aec25f62efb33e7dd779725ca4af579018452d1204beaad,3,3,1024,googlenet.py,mixed_category_2_3
216,2480,313c03f53a0d31f70aec25f62efb33e7dd779725ca4af579018452d1204beaad,3,3,1024,googlenet.py,mixed_category_2_3
217,2493,556ccf8758c8c2a20082c161e955405e950439f0503522fe129e709a5dc0e58f,3,3,1024,inception.py,mixed_category_2_3
218,2499,556ccf8758c8c2a20082c161e955405e950439f0503522fe129e709a5dc0e58f,3,3,1024,inception.py,mixed_category_2_3
219,2500,c9f8e30e36d1aef62c10b3cfca6e289a93848a148d876dd514753040314f4817,52,3,1024,resnet50.py,mixed_category_2_3
220,2515,556ccf8758c8c2a20082c161e955405e950439f0503522fe129e709a5dc0e58f,3,3,1024,inception.py,mixed_category_2_3
221,2517,313c03f53a0d31f70aec25f62efb33e7dd779725ca4af579018452d1204beaad,3,3,1024,googlenet.py,mixed_category_2_3
222,2533,313c03f53a0d31f70aec25f62efb33e7dd779725ca4af579018452d1204beaad,3,3,1024,googlenet.py,mixed_category_2_3
223,2549,313c03f53a0d31f70aec25f62efb33e7dd779725ca4af579018452d1204beaad,3,3,1024,googlenet.py,mixed_category_2_3
224,2557,762835950e81a11cd04cedcb05275dc111c651625d575077fce49f82170e0986,52,2,1024,distilgpt2.py,mixed_category_2_3
225,2568,762835950e81a11cd04cedcb05275dc111c651625d575077fce49f82170e0986,52,2,1024,distilgpt2.py,mixed_category_2_3
226,2604,9b61fd55aa093a2d172db1a68a60af5cf6cbfa7f5ea1fbc71846027a5954616d,52,2,1024,bert.py,mixed_category_2_3
227,2618,556ccf8758c8c2a20082c161e955405e950439f0503522fe129e709a5dc0e58f,3,3,1024,inception.py,mixed_category_2_3
228,2629,762835950e81a11cd04cedcb05275dc111c651625d575077fce49f82170e0986,52,2,1024,distilgpt2.py,mixed_category_2_3
229,2644,762835950e81a11cd04cedcb05275dc111c651625d575077fce49f82170e0986,52,2,1024,distilgpt2.py,mixed_category_2_3
230,2686,556ccf8758c8c2a20082c161e955405e950439f0503522fe129e709a5dc0e58f,3,3,1024,inception.py,mixed_category_2_3
231,2706,762835950e81a11cd04cedcb05275dc111c651625d575077fce49f82170e0986,52,2,1024,distilgpt2.py,category_2_3_burst
232,2713,9b61fd55aa093a2d172db1a68a60af5cf6cbfa7f5ea1fbc71846027a5954616d,52,2,1024,bert.py,category_2_3_burst
233,2747,556ccf8758c8c2a20082c161e955405e950439f0503522fe129e709a5dc0e58f,3,3,1024,inception.py,category_2_3_burst
234,2749,313c03f53a0d31f70aec25f62efb33e7dd779725ca4af579018452d1204beaad,3,3,1024,googlenet.py,category_2_3_burst
235,2757,9b61fd55aa093a2d172db1a68a60af5cf6cbfa7f5ea1fbc71846027a5954616d,52,2,1024,bert.py,category_2_3_burst
236,2764,c9f8e30e36d1aef62c10b3cfca6e289a93848a148d876dd514753040314f4817,52,3,1024,resnet50.py,category_2_3_burst
237,2771,9b61fd55aa093a2d172db1a68a60af5cf6cbfa7f5ea1fbc71846027a5954616d,52,2,1024,bert.py,category_2_3_burst
238,2790,9b61fd55aa093a2d172db1a68a60af5cf6cbfa7f5ea1fbc71846027a5954616d,52,2,1024,bert.py,category_2_3_burst
239,2815,762835950e81a11cd04cedcb05275dc111c651625d575077fce49f82170e0986,52,2,1024,distilgpt2.py,category_2_3_burst
240,2840,556ccf8758c8c2a20082c161e955405e950439f0503522fe129e709a5dc0e58f,3,3,1024,inception.py,category_2_3_burst
241,2859,9b61fd55aa093a2d172db1a68a60af5cf6cbfa7f5ea1fbc71846027a5954616d,52,2,1024,bert.py,category_2_3_burst
242,2868,556ccf8758c8c2a20082c161e955405e950439f0503522fe129e709a5dc0e58f,3,3,1024,inception.py,category_2_3_burst
243,2882,762835950e81a11cd04cedcb05275dc111c651625d575077fce49f82170e0986,52,2,1024,distilgpt2.py,category_2_3_burst
244,2898,556ccf8758c8c2a20082c161e955405e950439f0503522fe129e709a5dc0e58f,3,3,1024,inception.py,category_2_3_burst
245,2908,1f33077bb2db73fd76a51e40e43f20173e3f038dd3f3705551751cf7724c3c40,59,1,1024,alexnet.py,category_2_3_burst
246,2914,313c03f53a0d31f70aec25f62efb33e7dd779725ca4af579018452d1204beaad,3,3,1024,googlenet.py,category_2_3_burst
247,2919,762835950e81a11cd04cedcb05275dc111c651625d575077fce49f82170e0986,52,2,1024,distilgpt2.py,category_2_3_burst
248,2927,1f33077bb2db73fd76a51e40e43f20173e3f038dd3f3705551751cf7724c3c40,59,1,1024,alexnet.py,category_2_3_burst
249,2932,762835950e81a11cd04cedcb05275dc111c651625d575077fce49f82170e0986,52,2,1024,distilgpt2.py,category_2_3_burst
250,2981,c9f8e30e36d1aef62c10b3cfca6e289a93848a148d876dd514753040314f4817,52,3,1024,resnet50.py,category_2_3_burst
251,2983,313c03f53a0d31f70aec25f62efb33e7dd779725ca4af579018452d1204beaad,3,3,1024,googlenet.py,category_2_3_burst
252,2989,313c03f53a0d31f70aec25f62efb33e7dd779725ca4af579018452d1204beaad,3,3,1024,googlenet.py,category_2_3_burst
253,3002,762835950e81a11cd04cedcb05275dc111c651625d575077fce49f82170e0986,52,2,1024,distilgpt2.py,category_2_3_burst
254,3038,cd9f7f333d59aede8088772edac3bff78c45e2dad8eb498b450b9af511452a36,59,1,1024,efficientnet.py,category_2_3_burst
255,3089,313c03f53a0d31f70aec25f62efb33e7dd779725ca4af579018452d1204beaad,3,3,1024,googlenet.py,category_2_3_burst
256,3117,9b61fd55aa093a2d172db1a68a60af5cf6cbfa7f5ea1fbc71846027a5954616d,52,2,1024,bert.py,category_2_3_burst
257,3122,9b61fd55aa093a2d172db1a68a60af5cf6cbfa7f5ea1fbc71846027a5954616d,52,2,1024,bert.py,category_2_3_burst
258,3126,556ccf8758c8c2a20082c161e955405e950439f0503522fe129e709a5dc0e58f,3,3,1024,inception.py,category_2_3_burst
259,3133,c9f8e30e36d1aef62c10b3cfca6e289a93848a148d876dd514753040314f4817,52,3,1024,resnet50.py,category_2_3_burst
260,3140,cd9f7f333d59aede8088772edac3bff78c45e2dad8eb498b450b9af511452a36,59,1,1024,efficientnet.py,category_2_3_burst
261,3143,762835950e81a11cd04cedcb05275dc111c651625d575077fce49f82170e0986,52,2,1024,distilgpt2.py,category_2_3_burst
262,3147,762835950e81a11cd04cedcb05275dc111c651625d575077fce49f82170e0986,52,2,1024,distilgpt2.py,category_2_3_burst
263,3158,9b61fd55aa093a2d172db1a68a60af5cf6cbfa7f5ea1fbc71846027a5954616d,52,2,1024,bert.py,category_2_3_burst
264,3188,762835950e81a11cd04cedcb05275dc111c651625d575077fce49f82170e0986,52,2,1024,distilgpt2.py,category_2_3_burst
265,3221,9b61fd55aa093a2d172db1a68a60af5cf6cbfa7f5ea1fbc71846027a5954616d,52,2,1024,bert.py,category_2_3_burst
266,3231,762835950e81a11cd04cedcb05275dc111c651625d575077fce49f82170e0986,52,2,1024,distilgpt2.py,category_2_3_burst
267,3235,762835950e81a11cd04cedcb05275dc111c651625d575077fce49f82170e0986,52,2,1024,distilgpt2.py,category_2_3_burst
268,3245,556ccf8758c8c2a20082c161e955405e950439f0503522fe129e709a5dc0e58f,3,3,1024,inception.py,category_2_3_burst
269,3249,9b61fd55aa093a2d172db1a68a60af5cf6cbfa7f5ea1fbc71846027a5954616d,52,2,1024,bert.py,category_2_3_burst
270,3257,313c03f53a0d31f70aec25f62efb33e7dd779725ca4af579018452d1204beaad,3,3,1024,googlenet.py,category_2_3_burst
271,3261,c9f8e30e36d1aef62c10b3cfca6e289a93848a148d876dd514753040314f4817,52,3,1024,resnet50.py,category_2_3_burst
272,3282,c9f8e30e36d1aef62c10b3cfca6e289a93848a148d876dd514753040314f4817,52,3,1024,resnet50.py,category_2_3_burst
273,3303,556ccf8758c8c2a20082c161e955405e950439f0503522fe129e709a5dc0e58f,3,3,1024,inception.py,category_2_3_burst
274,3317,9b61fd55aa093a2d172db1a68a60af5cf6cbfa7f5ea1fbc71846027a5954616d,52,2,1024,bert.py,category_2_3_burst
275,3318,9b61fd55aa093a2d172db1a68a60af5cf6cbfa7f5ea1fbc71846027a5954616d,52,2,1024,bert.py,category_2_3_burst
276,3328,762835950e81a11cd04cedcb05275dc111c651625d575077fce49f82170e0986,52,2,1024,distilgpt2.py,category_2_3_burst
277,3336,c9f8e30e36d1aef62c10b3cfca6e289a93848a148d876dd514753040314f4817,52,3,1024,resnet50.py,category_2_3_burst
278,3345,762835950e81a11cd04cedcb05275dc111c651625d575077fce49f82170e0986,52,2,1024,distilgpt2.py,category_2_3_burst
279,3353,9b61fd55aa093a2d172db1a68a60af5cf6cbfa7f5ea1fbc71846027a5954616d,52,2,1024,bert.py,category_2_3_burst
280,3356,9b61fd55aa093a2d172db1a68a60af5cf6cbfa7f5ea1fbc71846027a5954616d,52,2,1024,bert.py,category_2_3_burst
281,3364,556ccf8758c8c2a20082c161e955405e950439f0503522fe129e709a5dc0e58f,3,3,1024,inception.py,category_2_3_burst
282,3366,9b61fd55aa093a2d172db1a68a60af5cf6cbfa7f5ea1fbc71846027a5954616d,52,2,1024,bert.py,category_2_3_burst
283,3374,c9f8e30e36d1aef62c10b3cfca6e289a93848a148d876dd514753040314f4817,52,3,1024,resnet50.py,category_2_3_burst
284,3378,762835950e81a11cd04cedcb05275dc111c651625d575077fce49f82170e0986,52,2,1024,distilgpt2.py,category_2_3_burst
285,3380,556ccf8758c8c2a20082c161e955405e950439f0503522fe129e709a5dc0e58f,3,3,1024,inception.py,category_2_3_burst
286,3383,762835950e81a11cd04cedcb05275dc111c651625d575077fce49f82170e0986,52,2,1024,distilgpt2.py,category_2_3_burst
287,3430,c9f8e30e36d1aef62c10b3cfca6e289a93848a148d876dd514753040314f4817,52,3,1024,resnet50.py,category_2_3_burst
288,3436,762835950e81a11cd04cedcb05275dc111c651625d575077fce49f82170e0986,52,2,1024,distilgpt2.py,category_2_3_burst
289,3450,556ccf8758c8c2a20082c161e955405e950439f0503522fe129e709a5dc0e58f,3,3,1024,inception.py,category_2_3_burst
290,3453,313c03f53a0d31f70aec25f62efb33e7dd779725ca4af579018452d1204beaad,3,3,1024,googlenet.py,category_2_3_burst
291,3458,9b61fd55aa093a2d172db1a68a60af5cf6cbfa7f5ea1fbc71846027a5954616d,52,2,1024,bert.py,category_2_3_burst
292,3459,9b61fd55aa093a2d172db1a68a60af5cf6cbfa7f5ea1fbc71846027a5954616d,52,2,1024,bert.py,category_2_3_burst
293,3484,9b61fd55aa093a2d172db1a68a60af5cf6cbfa7f5ea1fbc71846027a5954616d,52,2,1024,bert.py,category_2_3_burst
294,3504,313c03f53a0d31f70aec25f62efb33e7dd779725ca4af579018452d1204beaad,3,3,1024,googlenet.py,category_2_3_burst
295,3505,313c03f53a0d31f70aec25f62efb33e7dd779725ca4af579018452d1204beaad,3,3,1024,googlenet.py,category_2_3_burst
296,3543,556ccf8758c8c2a20082c161e955405e950439f0503522fe129e709a5dc0e58f,3,3,1024,inception.py,category_2_3_burst
297,3550,9b61fd55aa093a2d172db1a68a60af5cf6cbfa7f5ea1fbc71846027a5954616d,52,2,1024,bert.py,category_2_3_burst
298,3569,313c03f53a0d31f70aec25f62efb33e7dd779725ca4af579018452d1204beaad,3,3,1024,googlenet.py,category_2_3_burst
299,3576,762835950e81a11cd04cedcb05275dc111c651625d575077fce49f82170e0986,52,2,1024,distilgpt2.py,category_2_3_burst
300,3590,762835950e81a11cd04cedcb05275dc111c651625d575077fce49f82170e0986,52,2,1024,distilgpt2.py,category_2_3_burst
